[
  {
    "id": "d1bb62ad-22d0-4831-909a-5ebc672752fc",
    "data": [
      {
        "text": "immo",
        "meta": "@type-contrat",
        "alias": "type-contrat",
        "userDefined": false
      }
    ],
    "isTemplate": false,
    "count": 0,
    "lang": "fr",
    "updated": 0
  },
  {
    "id": "32c6176e-0cc6-4868-81a8-71e99f779b98",
    "data": [
      {
        "text": "hab",
        "meta": "@type-contrat",
        "alias": "type-contrat",
        "userDefined": false
      }
    ],
    "isTemplate": false,
    "count": 0,
    "lang": "fr",
    "updated": 0
  },
  {
    "id": "567d4213-cfe2-46e9-b4e8-1a24e4bbb3bd",
    "data": [
      {
        "text": "maison",
        "meta": "@type-contrat",
        "alias": "type-contrat",
        "userDefined": false
      }
    ],
    "isTemplate": false,
    "count": 0,
    "lang": "fr",
    "updated": 0
  },
  {
    "id": "09d6f10c-bbb0-45a0-b34a-5dc33518023a",
    "data": [
      {
        "text": "sur ",
        "userDefined": false
      },
      {
        "text": "mon",
        "meta": "@sys.ignore",
        "userDefined": false
      },
      {
        "text": " contrat ",
        "userDefined": false
      },
      {
        "text": "habitation",
        "meta": "@type-contrat",
        "alias": "type-contrat",
        "userDefined": false
      }
    ],
    "isTemplate": false,
    "count": 0,
    "lang": "fr",
    "updated": 0
  },
  {
    "id": "c5d3fab4-38c6-4062-9a59-ee570fc1c17b",
    "data": [
      {
        "text": "contrat ",
        "userDefined": false
      },
      {
        "text": "auto",
        "meta": "@type-contrat",
        "alias": "type-contrat",
        "userDefined": false
      }
    ],
    "isTemplate": false,
    "count": 0,
    "lang": "fr",
    "updated": 0
  },
  {
    "id": "6eee25e3-76b6-4f37-aef5-3a4da6730692",
    "data": [
      {
        "text": "auto",
        "meta": "@type-contrat",
        "alias": "type-contrat",
        "userDefined": false
      }
    ],
    "isTemplate": false,
    "count": 0,
    "lang": "fr",
    "updated": 0
  },
  {
    "id": "5e8b4e9b-1119-4ed6-8cc0-aeaea22a5d80",
    "data": [
      {
        "text": "c\u0027est au sujet de l\u0027",
        "userDefined": false
      },
      {
        "text": "école",
        "meta": "@type-contrat",
        "alias": "type-contrat",
        "userDefined": false
      }
    ],
    "isTemplate": false,
    "count": 0,
    "lang": "fr",
    "updated": 0
  }
]