[
  {
    "id": "dd7f8edf-e4eb-40da-9a88-778418768876",
    "data": [
      {
        "text": "quelles sont mes ",
        "userDefined": false
      },
      {
        "text": "garanties",
        "meta": "@garantie",
        "alias": "garantie",
        "userDefined": false
      },
      {
        "text": " ?",
        "userDefined": false
      }
    ],
    "isTemplate": false,
    "count": 0,
    "lang": "fr",
    "updated": 0
  },
  {
    "id": "689ad2fb-89d2-4d6c-8882-1290ab8eb369",
    "data": [
      {
        "text": "Suis",
        "userDefined": false
      },
      {
        "text": "-je couvert",
        "meta": "@sys.ignore",
        "userDefined": false
      },
      {
        "text": " en cas de ",
        "userDefined": false
      },
      {
        "text": "cambriolage",
        "meta": "@garantie",
        "alias": "garantie",
        "userDefined": false
      },
      {
        "text": " ?",
        "userDefined": false
      }
    ],
    "isTemplate": false,
    "count": 0,
    "lang": "fr",
    "updated": 0
  },
  {
    "id": "b7fe6308-0335-49e8-8a11-ec768b21a0b4",
    "data": [
      {
        "text": "Suis-je couvert contre les ",
        "userDefined": false
      },
      {
        "text": "tornades",
        "meta": "@garantie",
        "alias": "garantie",
        "userDefined": false
      },
      {
        "text": " ?",
        "userDefined": false
      }
    ],
    "isTemplate": false,
    "count": 0,
    "lang": "fr",
    "updated": 0
  },
  {
    "id": "d4a60a0b-aa7c-4b06-9424-08d2fe539b9d",
    "data": [
      {
        "text": "mon",
        "meta": "@sys.ignore",
        "userDefined": false
      },
      {
        "text": " contrat couvre-t-il les ",
        "userDefined": false
      },
      {
        "text": "seismes",
        "meta": "@garantie",
        "alias": "garantie",
        "userDefined": false
      }
    ],
    "isTemplate": false,
    "count": 0,
    "lang": "fr",
    "updated": 0
  },
  {
    "id": "6ffc2c47-cf9c-4e8b-b240-f8803ebfd15a",
    "data": [
      {
        "text": "je suis couvert contre les ",
        "userDefined": false
      },
      {
        "text": "innondations",
        "meta": "@garantie",
        "alias": "garantie",
        "userDefined": false
      }
    ],
    "isTemplate": false,
    "count": 0,
    "lang": "fr",
    "updated": 0
  },
  {
    "id": "e1e42b40-c216-4e06-8f6d-bfb493181a7b",
    "data": [
      {
        "text": "en cas d\u0027",
        "userDefined": false
      },
      {
        "text": "arrêt maladie",
        "meta": "@garantie",
        "alias": "garantie",
        "userDefined": false
      }
    ],
    "isTemplate": false,
    "count": 0,
    "lang": "fr",
    "updated": 0
  }
]