[
  {
    "id": "e69535da-512a-48f9-817f-232bdcd2c4a5",
    "data": [
      {
        "text": "ff.fremont.florent@gmail.com",
        "meta": "@sys.email",
        "alias": "email",
        "userDefined": false
      }
    ],
    "isTemplate": false,
    "count": 0,
    "lang": "fr",
    "updated": 0
  },
  {
    "id": "a5d85666-6cb7-438a-ad5d-ae9b7075e4ad",
    "data": [
      {
        "text": "mon adresse est ",
        "userDefined": false
      },
      {
        "text": "ff.ff@ff.fr",
        "meta": "@sys.email",
        "alias": "email",
        "userDefined": true
      }
    ],
    "isTemplate": false,
    "count": 0,
    "lang": "fr",
    "updated": 0
  },
  {
    "id": "849590b1-b889-4f3f-a9d5-1d56a68e3417",
    "data": [
      {
        "text": "c\u0027est ",
        "userDefined": false
      },
      {
        "text": "ff.ffremont.ff@ff.fr",
        "meta": "@sys.email",
        "alias": "email",
        "userDefined": true
      }
    ],
    "isTemplate": false,
    "count": 0,
    "lang": "fr",
    "updated": 0
  }
]