[
  {
    "value": "intemperies",
    "synonyms": [
      "tornade",
      "vent",
      "tempête",
      "orage",
      "séisme",
      "gel",
      "canicule",
      "catastrophe",
      "typhon",
      "tsunami",
      "incendie",
      "innondation"
    ]
  },
  {
    "value": "dommages-corporels",
    "synonyms": [
      "brulure",
      "urgence",
      "blessure"
    ]
  },
  {
    "value": "accident",
    "synonyms": [
      "accident",
      "accident auto",
      "accident moto",
      "accident de voiture",
      "accident de moto",
      "accident avec mon véhicule"
    ]
  },
  {
    "value": "maladie",
    "synonyms": [
      "maladie",
      "cancer",
      "malade",
      "avc"
    ]
  },
  {
    "value": "vandalisme",
    "synonyms": [
      "vol",
      "cambriolage",
      "bris de glace",
      "home jacking"
    ]
  }
]