[
  {
    "value": "habitation",
    "synonyms": [
      "habitation",
      "habitat",
      "maison",
      "appartement",
      "immo",
      "hab"
    ]
  },
  {
    "value": "automobile",
    "synonyms": [
      "automobile",
      "auto",
      "moto",
      "voiture",
      "camon"
    ]
  },
  {
    "value": "santé",
    "synonyms": [
      "santé"
    ]
  },
  {
    "value": "prévoyance",
    "synonyms": [
      "prévoyance",
      "vieillesse"
    ]
  },
  {
    "value": "scolaire",
    "synonyms": [
      "scolaire",
      "école",
      "maternelle"
    ]
  }
]